time,is_morning
0000,TRUE
0030,TRUE
0100,TRUE
0130,TRUE
0200,TRUE
0230,TRUE
0300,TRUE
0330,TRUE
0400,TRUE
0430,TRUE
0500,TRUE
0530,TRUE
0600,TRUE
0630,TRUE
0700,TRUE
0730,TRUE
0800,TRUE
0830,TRUE
0900,TRUE
0930,TRUE
1000,TRUE
1030,TRUE
1100,TRUE
1130,TRUE
1200,FALSE
1230,FALSE
1300,FALSE
1330,FALSE
1400,FALSE
1430,FALSE
1500,FALSE
1530,FALSE
1600,FALSE
1630,FALSE
1700,FALSE
1730,FALSE
1800,FALSE
1830,FALSE
1900,FALSE
1930,FALSE
2000,FALSE
2030,FALSE
2100,FALSE
2130,FALSE
2200,FALSE
2230,FALSE
2300,FALSE
2330,FALSE
